{
  "affected_predictions": 537.0,
  "after_metrics": {
    "accuracy": 0.70068359375,
    "exact_match_ratio": 0.078125,
    "f1_bypass": 0.14173228346456693,
    "f1_dos": 0.8202764976958525,
    "f1_exec": 0.5037037037037037,
    "f1_info": 0.3541666666666667,
    "f1_mem": 0.20588235294117646,
    "f1_other": 0.0,
    "f1_overflow": 0.5546218487394958,
    "f1_priv": 0.11627906976744186,
    "hamming_score": 0.3793898809523809,
    "macro_f1": 0.33708280287236303,
    "macro_precision": 0.33569789105172143,
    "macro_recall": 0.6621301942186089,
    "micro_f1": 0.48006785411365566,
    "micro_precision": 0.35687263556116017,
    "micro_recall": 0.7331606217616581,
    "samples_f1": 0.5138950892857144,
    "samples_precision": 0.4369326636904762,
    "samples_recall": 0.8186848958333333,
    "weighted_f1": 0.6301809972765269,
    "weighted_precision": 0.6563893621813847,
    "weighted_recall": 0.7331606217616581
  },
  "before_metrics": {
    "accuracy": 0.8603515625,
    "exact_match_ratio": 0.38671875,
    "f1_bypass": 0.0,
    "f1_dos": 0.8202764976958525,
    "f1_exec": 0.0,
    "f1_info": 0.0,
    "f1_mem": 0.0,
    "f1_other": 0.0,
    "f1_overflow": 0.0,
    "f1_priv": 0.0,
    "hamming_score": 0.517578125,
    "macro_f1": 0.10253456221198157,
    "macro_precision": 0.0869140625,
    "macro_recall": 0.125,
    "micro_f1": 0.5545171339563862,
    "micro_precision": 0.6953125,
    "micro_recall": 0.46113989637305697,
    "samples_f1": 0.5687500000000001,
    "samples_precision": 0.6953125,
    "samples_recall": 0.517578125,
    "weighted_f1": 0.3782622191447196,
    "weighted_precision": 0.3206363341968912,
    "weighted_recall": 0.46113989637305697
  },
  "config": {
    "freq_threshold": 1.5,
    "prediction_threshold": 0.5
  },
  "correction_rate": 0.19553072625698323
}