{
  "best_threshold": 0.3,
  "best_val_metrics": {
    "accuracy": 0.871734375,
    "exact_match_ratio": 0.379875,
    "f1_bypass": 0.396652719665272,
    "f1_dos": 0.8129122371382013,
    "f1_exec": 0.5064069707842133,
    "f1_info": 0.35559131134352373,
    "f1_mem": 0.379585326953748,
    "f1_other": 0.1076923076923077,
    "f1_overflow": 0.5862526036735467,
    "f1_priv": 0.33511205976520814,
    "hamming_score": 0.5885645833333333,
    "macro_f1": 0.4350256921270026,
    "macro_precision": 0.5383645351451039,
    "macro_recall": 0.4268621578102253,
    "micro_f1": 0.6614984949074265,
    "micro_precision": 0.611077251257047,
    "micro_recall": 0.7209887640449438,
    "samples_f1": 0.6588886904761905,
    "samples_precision": 0.64690625,
    "samples_recall": 0.7389312499999999,
    "weighted_f1": 0.6324159547706699,
    "weighted_precision": 0.5978550887814652,
    "weighted_recall": 0.7209887640449438
  },
  "config": {
    "batch_size": 32,
    "max_len": 128,
    "max_test_rows": 8000,
    "max_train_rows": 50000,
    "max_val_rows": 8000,
    "nn_epochs": 2,
    "vector_size": 100,
    "w2v_epochs": 10
  },
  "test_metrics": {
    "accuracy": 0.868953125,
    "exact_match_ratio": 0.365625,
    "f1_bypass": 0.4009433962264151,
    "f1_dos": 0.8044343820751034,
    "f1_exec": 0.5407035175879397,
    "f1_info": 0.33727344365642237,
    "f1_mem": 0.36419753086419754,
    "f1_other": 0.2,
    "f1_overflow": 0.5860738563292303,
    "f1_priv": 0.35267857142857145,
    "hamming_score": 0.5783520833333333,
    "macro_f1": 0.44828808727098496,
    "macro_precision": 0.5690524678145357,
    "macro_recall": 0.4399168968851982,
    "micro_f1": 0.6573517996486498,
    "micro_precision": 0.6018102932375823,
    "micro_recall": 0.7241875956431723,
    "samples_f1": 0.6497803571428572,
    "samples_precision": 0.6339270833333333,
    "samples_recall": 0.7354395833333333,
    "weighted_f1": 0.6281109662871701,
    "weighted_precision": 0.5929350817433199,
    "weighted_recall": 0.7241875956431723
  },
  "test_size": 8000,
  "train_size": 50000,
  "val_size": 8000
}