loss,val_loss
0.3240030109882355,0.29344117641448975
0.2931985855102539,0.2688247859477997
