{
  "bypass": {
    "f1-score": 0.3496683861459101,
    "precision": 0.2153881071266455,
    "recall": 0.9285714285714286,
    "support": 1022.0
  },
  "dos": {
    "f1-score": 0.7008113590263692,
    "precision": 0.9327034323177786,
    "recall": 0.5612671153399861,
    "support": 8618.0
  },
  "exec": {
    "f1-score": 0.4859732412602503,
    "precision": 0.3271353864032539,
    "recall": 0.9446308724832215,
    "support": 1788.0
  },
  "info": {
    "f1-score": 0.3737142857142857,
    "precision": 0.23432461483339304,
    "recall": 0.922425952045134,
    "support": 1418.0
  },
  "macro avg": {
    "f1-score": 0.4401451412584949,
    "precision": 0.3488324197549384,
    "recall": 0.8479493880772826,
    "support": 18480.0
  },
  "mem": {
    "f1-score": 0.3321501014198783,
    "precision": 0.20532915360501566,
    "recall": 0.8687002652519894,
    "support": 754.0
  },
  "micro avg": {
    "f1-score": 0.5154364403642556,
    "precision": 0.39169573534376056,
    "recall": 0.7534632034632035,
    "support": 18480.0
  },
  "other": {
    "f1-score": 0.26503923278116825,
    "precision": 0.16326530612244897,
    "recall": 0.7037037037037037,
    "support": 216.0
  },
  "overflow": {
    "f1-score": 0.6116400215555955,
    "precision": 0.4554574638844302,
    "recall": 0.9308365226899945,
    "support": 3658.0
  },
  "priv": {
    "f1-score": 0.40216450216450217,
    "precision": 0.25705589374654125,
    "recall": 0.9234592445328031,
    "support": 1006.0
  },
  "samples avg": {
    "f1-score": 0.5547001556288667,
    "precision": 0.4949962937498657,
    "recall": 0.7375432395849,
    "support": 18480.0
  },
  "weighted avg": {
    "f1-score": 0.5814635678585353,
    "precision": 0.6109361644945732,
    "recall": 0.7534632034632035,
    "support": 18480.0
  }
}