{
  "best_p_value_threshold": 0.5,
  "classification_report": {
    "bypass": {
      "f1-score": 0.3496683861459101,
      "precision": 0.2153881071266455,
      "recall": 0.9285714285714286,
      "support": 1022.0
    },
    "dos": {
      "f1-score": 0.7008113590263692,
      "precision": 0.9327034323177786,
      "recall": 0.5612671153399861,
      "support": 8618.0
    },
    "exec": {
      "f1-score": 0.4859732412602503,
      "precision": 0.3271353864032539,
      "recall": 0.9446308724832215,
      "support": 1788.0
    },
    "info": {
      "f1-score": 0.3737142857142857,
      "precision": 0.23432461483339304,
      "recall": 0.922425952045134,
      "support": 1418.0
    },
    "macro avg": {
      "f1-score": 0.4401451412584949,
      "precision": 0.3488324197549384,
      "recall": 0.8479493880772826,
      "support": 18480.0
    },
    "mem": {
      "f1-score": 0.3321501014198783,
      "precision": 0.20532915360501566,
      "recall": 0.8687002652519894,
      "support": 754.0
    },
    "micro avg": {
      "f1-score": 0.5154364403642556,
      "precision": 0.39169573534376056,
      "recall": 0.7534632034632035,
      "support": 18480.0
    },
    "other": {
      "f1-score": 0.26503923278116825,
      "precision": 0.16326530612244897,
      "recall": 0.7037037037037037,
      "support": 216.0
    },
    "overflow": {
      "f1-score": 0.6116400215555955,
      "precision": 0.4554574638844302,
      "recall": 0.9308365226899945,
      "support": 3658.0
    },
    "priv": {
      "f1-score": 0.40216450216450217,
      "precision": 0.25705589374654125,
      "recall": 0.9234592445328031,
      "support": 1006.0
    },
    "samples avg": {
      "f1-score": 0.5547001556288667,
      "precision": 0.4949962937498657,
      "recall": 0.7375432395849,
      "support": 18480.0
    },
    "weighted avg": {
      "f1-score": 0.5814635678585353,
      "precision": 0.6109361644945732,
      "recall": 0.7534632034632035,
      "support": 18480.0
    }
  },
  "predict_seconds": 3.505570000001171,
  "selected_feature_count": 9842,
  "test_metrics": {
    "accuracy": 0.7539103624605203,
    "exact_match_ratio": 0.2737253722364265,
    "f1_bypass": 0.3496683861459101,
    "f1_dos": 0.7008113590263692,
    "f1_exec": 0.4859732412602503,
    "f1_info": 0.3737142857142857,
    "f1_mem": 0.3321501014198783,
    "f1_other": 0.26503923278116825,
    "f1_overflow": 0.6116400215555955,
    "f1_priv": 0.40216450216450217,
    "hamming_score": 0.47462328742596455,
    "macro_f1": 0.4401451412584949,
    "macro_precision": 0.3488324197549384,
    "macro_recall": 0.8479493880772826,
    "micro_f1": 0.5154364403642556,
    "micro_precision": 0.39169573534376056,
    "micro_recall": 0.7534632034632035,
    "samples_f1": 0.5547001556288667,
    "samples_precision": 0.4949962937498657,
    "samples_recall": 0.7375432395849,
    "weighted_f1": 0.5814635678585353,
    "weighted_precision": 0.6109361644945732,
    "weighted_recall": 0.7534632034632035
  },
  "training_seconds": 95.78414470800271,
  "tuning_seconds": 101.53479674999835,
  "validation_metrics": {
    "accuracy": 0.7495174103496919,
    "exact_match_ratio": 0.26950775855668574,
    "f1_bypass": 0.33960910883987805,
    "f1_dos": 0.6985226549798544,
    "f1_exec": 0.47530952042123237,
    "f1_info": 0.36606397774687066,
    "f1_mem": 0.32666015625,
    "f1_other": 0.20648464163822525,
    "f1_overflow": 0.6136363636363636,
    "f1_priv": 0.40375988036744287,
    "hamming_score": 0.4717502094757273,
    "macro_f1": 0.42875578798498337,
    "macro_precision": 0.340977227168198,
    "macro_recall": 0.8438026689210113,
    "micro_f1": 0.5098608941996876,
    "micro_precision": 0.38632798524919504,
    "micro_recall": 0.7495328100806237,
    "samples_f1": 0.5517578123116768,
    "samples_precision": 0.49259914300563196,
    "samples_recall": 0.7326960675130546,
    "weighted_f1": 0.5799863902646731,
    "weighted_precision": 0.6149021910912708,
    "weighted_recall": 0.7495328100806237
  },
  "vectorizer_vocabulary_size": 10000
}