{
  "best_threshold": 0.3,
  "best_val_metrics": {
    "accuracy": 0.867525,
    "exact_match_ratio": 0.37,
    "f1_bypass": 0.14427860696517414,
    "f1_dos": 0.807141122176342,
    "f1_exec": 0.31277533039647576,
    "f1_info": 0.28708133971291866,
    "f1_mem": 0.18452380952380953,
    "f1_other": 0.0,
    "f1_overflow": 0.5542323785001609,
    "f1_priv": 0.3256578947368421,
    "hamming_score": 0.5633199999999999,
    "macro_f1": 0.3269613102514654,
    "macro_precision": 0.46872537415938537,
    "macro_recall": 0.3129248195429366,
    "micro_f1": 0.6347784133985802,
    "micro_precision": 0.6151482767833288,
    "micro_recall": 0.6557026911576249,
    "samples_f1": 0.6291590476190476,
    "samples_precision": 0.63905,
    "samples_recall": 0.68187,
    "weighted_f1": 0.5783614565285531,
    "weighted_precision": 0.5833625250766445,
    "weighted_recall": 0.6557026911576249
  },
  "config": {
    "batch_size": 32,
    "max_len": 128,
    "max_test_rows": 5000,
    "max_train_rows": 30000,
    "max_val_rows": 5000,
    "nn_epochs": 2,
    "vector_size": 100,
    "w2v_epochs": 10
  },
  "test_metrics": {
    "accuracy": 0.86545,
    "exact_match_ratio": 0.3622,
    "f1_bypass": 0.10743801652892562,
    "f1_dos": 0.7965144820814923,
    "f1_exec": 0.35660580021482274,
    "f1_info": 0.304921968787515,
    "f1_mem": 0.1884498480243161,
    "f1_other": 0.0,
    "f1_overflow": 0.5437212360289283,
    "f1_priv": 0.3407917383820998,
    "hamming_score": 0.5516666666666667,
    "macro_f1": 0.3298053862560125,
    "macro_precision": 0.47151996264113405,
    "macro_recall": 0.3178205303588253,
    "micro_f1": 0.6268718801996672,
    "micro_precision": 0.6040887226082309,
    "micro_recall": 0.6514409221902018,
    "samples_f1": 0.6154685714285715,
    "samples_precision": 0.6237166666666666,
    "samples_recall": 0.6669900000000001,
    "weighted_f1": 0.5688372131859419,
    "weighted_precision": 0.5756335056512535,
    "weighted_recall": 0.6514409221902018
  },
  "test_size": 5000,
  "train_size": 30000,
  "val_size": 5000
}