loss,val_loss
0.3373071253299713,0.30832308530807495
0.3094753623008728,0.2922635078430176
