{
  "bypass": {
    "f1-score": 0.5185185185185185,
    "precision": 0.4666666666666667,
    "recall": 0.5833333333333334,
    "support": 12.0
  },
  "dos": {
    "f1-score": 0.822429906542056,
    "precision": 0.704,
    "recall": 0.9887640449438202,
    "support": 178.0
  },
  "exec": {
    "f1-score": 0.7789473684210526,
    "precision": 0.6851851851851852,
    "recall": 0.9024390243902439,
    "support": 82.0
  },
  "info": {
    "f1-score": 0.6071428571428571,
    "precision": 0.4722222222222222,
    "recall": 0.85,
    "support": 20.0
  },
  "macro avg": {
    "f1-score": 0.5837158414717629,
    "precision": 0.5321077441077441,
    "recall": 0.6767167416914492,
    "support": 386.0
  },
  "mem": {
    "f1-score": 0.7142857142857143,
    "precision": 0.8333333333333334,
    "recall": 0.625,
    "support": 8.0
  },
  "micro avg": {
    "f1-score": 0.7830923248053393,
    "precision": 0.6861598440545809,
    "recall": 0.9119170984455959,
    "support": 386.0
  },
  "other": {
    "f1-score": 0.0,
    "precision": 0.0,
    "recall": 0.0,
    "support": 0.0
  },
  "overflow": {
    "f1-score": 0.8284023668639053,
    "precision": 0.7954545454545454,
    "recall": 0.8641975308641975,
    "support": 81.0
  },
  "priv": {
    "f1-score": 0.4,
    "precision": 0.3,
    "recall": 0.6,
    "support": 5.0
  },
  "samples avg": {
    "f1-score": 0.786532738095238,
    "precision": 0.7291666666666667,
    "recall": 0.9228515625,
    "support": 386.0
  },
  "weighted avg": {
    "f1-score": 0.7861299595086884,
    "precision": 0.6972541825857888,
    "recall": 0.9119170984455959,
    "support": 386.0
  }
}