{
  "affected_predictions": 131.0,
  "after_metrics": {
    "accuracy": 0.90478515625,
    "exact_match_ratio": 0.4765625,
    "f1_bypass": 0.5185185185185185,
    "f1_dos": 0.822429906542056,
    "f1_exec": 0.7789473684210526,
    "f1_info": 0.6071428571428571,
    "f1_mem": 0.7142857142857143,
    "f1_other": 0.0,
    "f1_overflow": 0.8284023668639053,
    "f1_priv": 0.4,
    "hamming_score": 0.7082403273809523,
    "macro_f1": 0.5837158414717629,
    "macro_precision": 0.5321077441077441,
    "macro_recall": 0.6767167416914492,
    "micro_f1": 0.7830923248053393,
    "micro_precision": 0.6861598440545809,
    "micro_recall": 0.9119170984455959,
    "samples_f1": 0.786532738095238,
    "samples_precision": 0.7291666666666667,
    "samples_recall": 0.9228515625,
    "weighted_f1": 0.7861299595086884,
    "weighted_precision": 0.6972541825857888,
    "weighted_recall": 0.9119170984455959
  },
  "before_metrics": {
    "accuracy": 0.94921875,
    "exact_match_ratio": 0.75390625,
    "f1_bypass": 0.5833333333333334,
    "f1_dos": 0.9329446064139941,
    "f1_exec": 0.8372093023255814,
    "f1_info": 0.7142857142857143,
    "f1_mem": 0.8,
    "f1_other": 0.0,
    "f1_overflow": 0.8536585365853658,
    "f1_priv": 0.6,
    "hamming_score": 0.8244140625,
    "macro_f1": 0.6651789366179985,
    "macro_precision": 0.6669206044959057,
    "macro_recall": 0.6655570061474647,
    "micro_f1": 0.8649350649350649,
    "micro_precision": 0.8671875,
    "micro_recall": 0.8626943005181347,
    "samples_f1": 0.8485677083333334,
    "samples_precision": 0.8583333333333334,
    "samples_recall": 0.8610026041666667,
    "weighted_f1": 0.8667030012474548,
    "weighted_precision": 0.8730902075430449,
    "weighted_recall": 0.8626943005181347
  },
  "config": {
    "compat_mode": "notebook",
    "freq_threshold": 1.5,
    "prediction_threshold": 0.3
  },
  "correction_rate": 0.15267175572519084
}