{
  "best_threshold": 0.3,
  "best_val_metrics": {
    "accuracy": 0.814453125,
    "exact_match_ratio": 0.09375,
    "f1_bypass": 0.0,
    "f1_dos": 0.8202764976958525,
    "f1_exec": 0.4624624624624625,
    "f1_info": 0.0,
    "f1_mem": 0.0,
    "f1_other": 0.0,
    "f1_overflow": 0.48120300751879697,
    "f1_priv": 0.0,
    "hamming_score": 0.45039062499999993,
    "macro_f1": 0.220492745959639,
    "macro_precision": 0.19117838541666665,
    "macro_recall": 0.3047945205479452,
    "micro_f1": 0.6016771488469602,
    "micro_precision": 0.5017482517482518,
    "micro_recall": 0.7513089005235603,
    "samples_f1": 0.5698102678571428,
    "samples_precision": 0.49153645833333326,
    "samples_recall": 0.7571614583333333,
    "weighted_f1": 0.5673995961998523,
    "weighted_precision": 0.48654218477312394,
    "weighted_recall": 0.7513089005235603
  },
  "config": {
    "batch_size": 32,
    "max_len": 128,
    "max_test_rows": 256,
    "max_train_rows": 2048,
    "max_val_rows": 256,
    "nn_epochs": 1,
    "vector_size": 100,
    "w2v_epochs": 5
  },
  "test_metrics": {
    "accuracy": 0.8173828125,
    "exact_match_ratio": 0.1171875,
    "f1_bypass": 0.0,
    "f1_dos": 0.8202764976958525,
    "f1_exec": 0.4880952380952381,
    "f1_info": 0.0,
    "f1_mem": 0.0,
    "f1_other": 0.0,
    "f1_overflow": 0.40601503759398494,
    "f1_priv": 0.0,
    "hamming_score": 0.4634765625,
    "macro_f1": 0.21429834667313444,
    "macro_precision": 0.19217223936250757,
    "macro_recall": 0.29166666666666663,
    "micro_f1": 0.6054852320675106,
    "micro_precision": 0.5106761565836299,
    "micro_recall": 0.7435233160621761,
    "samples_f1": 0.5830915178571429,
    "samples_precision": 0.5123697916666666,
    "samples_recall": 0.7604166666666666,
    "weighted_f1": 0.5671508916030674,
    "weighted_precision": 0.498175539514441,
    "weighted_recall": 0.7435233160621761
  },
  "test_size": 256,
  "train_size": 2048,
  "val_size": 256
}