loss,val_loss
0.4001109302043915,0.3334077000617981
