{
  "best_threshold": 0.3,
  "best_val_metrics": {
    "accuracy": 0.91145,
    "exact_match_ratio": 0.561,
    "f1_bypass": 0.5793269230769231,
    "f1_dos": 0.8709375417948375,
    "f1_exec": 0.674191121143717,
    "f1_info": 0.5514950166112956,
    "f1_mem": 0.6319569120287253,
    "f1_other": 0.47619047619047616,
    "f1_overflow": 0.7085828343313373,
    "f1_priv": 0.5747899159663865,
    "hamming_score": 0.71441,
    "macro_f1": 0.6334338426429624,
    "macro_precision": 0.703800231360464,
    "macro_recall": 0.6212037231718082,
    "micro_f1": 0.7607403404485275,
    "micro_precision": 0.7236859015550701,
    "micro_recall": 0.8017941050832977,
    "samples_f1": 0.765407619047619,
    "samples_precision": 0.7624433333333333,
    "samples_recall": 0.81863,
    "weighted_f1": 0.7517868129851882,
    "weighted_precision": 0.7235662378557357,
    "weighted_recall": 0.8017941050832977
  },
  "config": {
    "batch_size": 4,
    "epochs": 1,
    "learning_rate": 2e-05,
    "max_length": 128,
    "max_test_rows": 5000,
    "max_train_rows": 30000,
    "max_val_rows": 5000,
    "model_name": "microsoft/codebert-base"
  },
  "device": "cuda",
  "test_metrics": {
    "accuracy": 0.90605,
    "exact_match_ratio": 0.5376,
    "f1_bypass": 0.5725888324873096,
    "f1_dos": 0.8553237604985099,
    "f1_exec": 0.6909903201787044,
    "f1_info": 0.5292841648590022,
    "f1_mem": 0.6429840142095915,
    "f1_other": 0.5,
    "f1_overflow": 0.6995967741935484,
    "f1_priv": 0.5168141592920354,
    "hamming_score": 0.6932866666666667,
    "macro_f1": 0.6259477532148376,
    "macro_precision": 0.6896963770311655,
    "macro_recall": 0.618976366713293,
    "micro_f1": 0.7467654986522911,
    "micro_precision": 0.7013924050632911,
    "micro_recall": 0.7984149855907781,
    "samples_f1": 0.7446390476190476,
    "samples_precision": 0.7344233333333333,
    "samples_recall": 0.8052,
    "weighted_f1": 0.7372868642254027,
    "weighted_precision": 0.701099056195056,
    "weighted_recall": 0.7984149855907781
  },
  "test_size": 5000,
  "train_size": 30000,
  "val_size": 5000
}