{
  "affected_predictions": 3293.0,
  "after_metrics": {
    "accuracy": 0.7367972742759795,
    "exact_match_ratio": 0.14537194775695628,
    "f1_bypass": 0.16818181818181818,
    "f1_dos": 0.9196506550218341,
    "f1_exec": 0.8095593726661687,
    "f1_info": 0.3321554770318021,
    "f1_mem": 0.18619582664526485,
    "f1_other": 0.025906735751295335,
    "f1_overflow": 0.8476595744680852,
    "f1_priv": 0.12786885245901639,
    "hamming_score": 0.46269638462994517,
    "macro_f1": 0.42714728902816057,
    "macro_precision": 0.3612544373583648,
    "macro_recall": 0.9473364273953337,
    "micro_f1": 0.5657062543921293,
    "micro_precision": 0.4068396226415094,
    "micro_recall": 0.9281322059953881,
    "samples_f1": 0.5848166912902859,
    "samples_precision": 0.4688380519726346,
    "samples_recall": 0.9278345636948704,
    "weighted_f1": 0.7914399420875722,
    "weighted_precision": 0.7466175000775639,
    "weighted_recall": 0.9281322059953881
  },
  "before_metrics": {
    "accuracy": 0.9509511641113004,
    "exact_match_ratio": 0.75809199318569,
    "f1_bypass": 0.6883116883116883,
    "f1_dos": 0.9229390681003584,
    "f1_exec": 0.8576078112286412,
    "f1_info": 0.7306501547987616,
    "f1_mem": 0.7047619047619048,
    "f1_other": 0.625,
    "f1_overflow": 0.8729874776386404,
    "f1_priv": 0.5588235294117647,
    "hamming_score": 0.8246450880181714,
    "macro_f1": 0.74513520428147,
    "macro_precision": 0.7951566085196442,
    "macro_recall": 0.7207950188229506,
    "micro_f1": 0.8682554814108675,
    "micro_precision": 0.8615209988649262,
    "micro_recall": 0.8750960799385088,
    "samples_f1": 0.8465265947378382,
    "samples_precision": 0.848315351126254,
    "samples_recall": 0.8675468483816013,
    "weighted_f1": 0.8682943188739572,
    "weighted_precision": 0.8682935630332475,
    "weighted_recall": 0.8750960799385088
  },
  "config": {
    "freq_threshold": 1.5,
    "prediction_threshold": 0.5
  },
  "correction_rate": 0.04190707561494078
}