{
  "bypass": {
    "f1-score": 0.29249962422967085,
    "precision": 0.1727934647487125,
    "recall": 0.952054794520548,
    "support": 1022.0
  },
  "dos": {
    "f1-score": 0.6436816295737458,
    "precision": 0.919991373733017,
    "recall": 0.4950104432582966,
    "support": 8618.0
  },
  "exec": {
    "f1-score": 0.41764132553606237,
    "precision": 0.26697819314641746,
    "recall": 0.9586129753914989,
    "support": 1788.0
  },
  "info": {
    "f1-score": 0.3235223160434258,
    "precision": 0.195139697322468,
    "recall": 0.9456981664315938,
    "support": 1418.0
  },
  "macro avg": {
    "f1-score": 0.38333479194331843,
    "precision": 0.307617307910864,
    "recall": 0.8750354812428788,
    "support": 18480.0
  },
  "mem": {
    "f1-score": 0.26312838721734255,
    "precision": 0.15314335436154014,
    "recall": 0.9336870026525199,
    "support": 754.0
  },
  "micro avg": {
    "f1-score": 0.4455070074196208,
    "precision": 0.32036993123073276,
    "recall": 0.7310606060606061,
    "support": 18480.0
  },
  "other": {
    "f1-score": 0.1924508240297714,
    "precision": 0.1087087087087087,
    "recall": 0.8379629629629629,
    "support": 216.0
  },
  "overflow": {
    "f1-score": 0.5918313570487483,
    "precision": 0.43600362365730555,
    "recall": 0.9209950792782942,
    "support": 3658.0
  },
  "priv": {
    "f1-score": 0.34192287186778036,
    "precision": 0.2081800476087427,
    "recall": 0.9562624254473161,
    "support": 1006.0
  },
  "samples avg": {
    "f1-score": 0.4849192405328666,
    "precision": 0.41325252991857,
    "recall": 0.7127400110292275,
    "support": 18480.0
  },
  "weighted avg": {
    "f1-score": 0.5303323554639036,
    "precision": 0.5845469282173095,
    "recall": 0.7310606060606061,
    "support": 18480.0
  }
}