{
  "best_p_value_threshold": 0.5,
  "classification_report": {
    "bypass": {
      "f1-score": 0.29249962422967085,
      "precision": 0.1727934647487125,
      "recall": 0.952054794520548,
      "support": 1022.0
    },
    "dos": {
      "f1-score": 0.6436816295737458,
      "precision": 0.919991373733017,
      "recall": 0.4950104432582966,
      "support": 8618.0
    },
    "exec": {
      "f1-score": 0.41764132553606237,
      "precision": 0.26697819314641746,
      "recall": 0.9586129753914989,
      "support": 1788.0
    },
    "info": {
      "f1-score": 0.3235223160434258,
      "precision": 0.195139697322468,
      "recall": 0.9456981664315938,
      "support": 1418.0
    },
    "macro avg": {
      "f1-score": 0.38333479194331843,
      "precision": 0.307617307910864,
      "recall": 0.8750354812428788,
      "support": 18480.0
    },
    "mem": {
      "f1-score": 0.26312838721734255,
      "precision": 0.15314335436154014,
      "recall": 0.9336870026525199,
      "support": 754.0
    },
    "micro avg": {
      "f1-score": 0.4455070074196208,
      "precision": 0.32036993123073276,
      "recall": 0.7310606060606061,
      "support": 18480.0
    },
    "other": {
      "f1-score": 0.1924508240297714,
      "precision": 0.1087087087087087,
      "recall": 0.8379629629629629,
      "support": 216.0
    },
    "overflow": {
      "f1-score": 0.5918313570487483,
      "precision": 0.43600362365730555,
      "recall": 0.9209950792782942,
      "support": 3658.0
    },
    "priv": {
      "f1-score": 0.34192287186778036,
      "precision": 0.2081800476087427,
      "recall": 0.9562624254473161,
      "support": 1006.0
    },
    "samples avg": {
      "f1-score": 0.4849192405328666,
      "precision": 0.41325252991857,
      "recall": 0.7127400110292275,
      "support": 18480.0
    },
    "weighted avg": {
      "f1-score": 0.5303323554639036,
      "precision": 0.5845469282173095,
      "recall": 0.7310606060606061,
      "support": 18480.0
    }
  },
  "predict_seconds": 1.8734720419997757,
  "selected_feature_count": 4978,
  "test_metrics": {
    "accuracy": 0.6838810347420665,
    "exact_match_ratio": 0.18453902842532713,
    "f1_bypass": 0.29249962422967085,
    "f1_dos": 0.6436816295737458,
    "f1_exec": 0.41764132553606237,
    "f1_info": 0.3235223160434258,
    "f1_mem": 0.26312838721734255,
    "f1_other": 0.1924508240297714,
    "f1_overflow": 0.5918313570487483,
    "f1_priv": 0.34192287186778036,
    "hamming_score": 0.39591256114417495,
    "macro_f1": 0.38333479194331843,
    "macro_precision": 0.307617307910864,
    "macro_recall": 0.8750354812428788,
    "micro_f1": 0.4455070074196208,
    "micro_precision": 0.32036993123073276,
    "micro_recall": 0.7310606060606061,
    "samples_f1": 0.4849192405328666,
    "samples_precision": 0.41325252991857,
    "samples_recall": 0.7127400110292275,
    "weighted_f1": 0.5303323554639036,
    "weighted_precision": 0.5845469282173095,
    "weighted_recall": 0.7310606060606061
  },
  "training_seconds": 21.00767654199808,
  "tuning_seconds": 23.122800249999273,
  "validation_metrics": {
    "accuracy": 0.6780941421040909,
    "exact_match_ratio": 0.182121909570124,
    "f1_bypass": 0.2878163625662154,
    "f1_dos": 0.6404296012946888,
    "f1_exec": 0.40579010856453557,
    "f1_info": 0.3165246212121212,
    "f1_mem": 0.2537980339588919,
    "f1_other": 0.15098241985522234,
    "f1_overflow": 0.589036312849162,
    "f1_priv": 0.3410414827890556,
    "hamming_score": 0.3928156012572079,
    "macro_f1": 0.3731773678862366,
    "macro_precision": 0.3012954337878939,
    "macro_recall": 0.8663615311067827,
    "micro_f1": 0.4385379908705364,
    "micro_precision": 0.3146646844293712,
    "micro_recall": 0.723263388328261,
    "samples_f1": 0.48095196312584393,
    "samples_precision": 0.411084978203918,
    "samples_recall": 0.7036973791669761,
    "weighted_f1": 0.5275852609457894,
    "weighted_precision": 0.5872562121083454,
    "weighted_recall": 0.723263388328261
  },
  "vectorizer_vocabulary_size": 5000
}