{
  "bypass": {
    "f1-score": 0.4,
    "precision": 0.5,
    "recall": 0.3333333333333333,
    "support": 3.0
  },
  "dos": {
    "f1-score": 0.8363636363636363,
    "precision": 0.71875,
    "recall": 1.0,
    "support": 46.0
  },
  "exec": {
    "f1-score": 0.43902439024390244,
    "precision": 0.28125,
    "recall": 1.0,
    "support": 18.0
  },
  "info": {
    "f1-score": 0.4,
    "precision": 0.3333333333333333,
    "recall": 0.5,
    "support": 2.0
  },
  "macro avg": {
    "f1-score": 0.35357934748178654,
    "precision": 0.37499999999999994,
    "recall": 0.4506578947368421,
    "support": 93.0
  },
  "mem": {
    "f1-score": 0.0,
    "precision": 0.0,
    "recall": 0.0,
    "support": 2.0
  },
  "micro avg": {
    "f1-score": 0.6008583690987125,
    "precision": 0.5,
    "recall": 0.7526881720430108,
    "support": 93.0
  },
  "other": {
    "f1-score": 0.0,
    "precision": 0.0,
    "recall": 0.0,
    "support": 0.0
  },
  "overflow": {
    "f1-score": 0.18181818181818182,
    "precision": 0.6666666666666666,
    "recall": 0.10526315789473684,
    "support": 19.0
  },
  "priv": {
    "f1-score": 0.5714285714285714,
    "precision": 0.5,
    "recall": 0.6666666666666666,
    "support": 3.0
  },
  "samples avg": {
    "f1-score": 0.5901041666666667,
    "precision": 0.5130208333333333,
    "recall": 0.8072916666666666,
    "support": 93.0
  },
  "weighted avg": {
    "f1-score": 0.5757419082360073,
    "precision": 0.5855734767025089,
    "recall": 0.7526881720430108,
    "support": 93.0
  }
}