{
  "affected_predictions": 12.0,
  "after_metrics": {
    "accuracy": 0.818359375,
    "exact_match_ratio": 0.03125,
    "f1_bypass": 0.4,
    "f1_dos": 0.8363636363636363,
    "f1_exec": 0.43902439024390244,
    "f1_info": 0.4,
    "f1_mem": 0.0,
    "f1_other": 0.0,
    "f1_overflow": 0.18181818181818182,
    "f1_priv": 0.5714285714285714,
    "hamming_score": 0.44661458333333337,
    "macro_f1": 0.35357934748178654,
    "macro_precision": 0.37499999999999994,
    "macro_recall": 0.4506578947368421,
    "micro_f1": 0.6008583690987125,
    "micro_precision": 0.5,
    "micro_recall": 0.7526881720430108,
    "samples_f1": 0.5901041666666667,
    "samples_precision": 0.5130208333333333,
    "samples_recall": 0.8072916666666666,
    "weighted_f1": 0.5757419082360073,
    "weighted_precision": 0.5855734767025089,
    "weighted_recall": 0.7526881720430108
  },
  "before_metrics": {
    "accuracy": 0.818359375,
    "exact_match_ratio": 0.03125,
    "f1_bypass": 0.0,
    "f1_dos": 0.8363636363636363,
    "f1_exec": 0.43902439024390244,
    "f1_info": 0.0,
    "f1_mem": 0.0,
    "f1_other": 0.0,
    "f1_overflow": 0.0,
    "f1_priv": 0.0,
    "hamming_score": 0.43098958333333326,
    "macro_f1": 0.15942350332594235,
    "macro_precision": 0.125,
    "macro_recall": 0.25,
    "micro_f1": 0.579185520361991,
    "micro_precision": 0.5,
    "micro_recall": 0.6881720430107527,
    "samples_f1": 0.5619791666666667,
    "samples_precision": 0.5,
    "samples_recall": 0.7213541666666666,
    "weighted_f1": 0.4986577021195432,
    "weighted_precision": 0.4099462365591398,
    "weighted_recall": 0.6881720430107527
  },
  "config": {
    "compat_mode": "notebook",
    "freq_threshold": 1.5,
    "prediction_threshold": 0.3
  },
  "correction_rate": 0.5
}