{
  "affected_predictions": 107.0,
  "after_metrics": {
    "accuracy": 0.74609375,
    "exact_match_ratio": 0.109375,
    "f1_bypass": 0.1935483870967742,
    "f1_dos": 0.8363636363636363,
    "f1_exec": 0.46153846153846156,
    "f1_info": 0.2222222222222222,
    "f1_mem": 0.3076923076923077,
    "f1_other": 0.0,
    "f1_overflow": 0.4166666666666667,
    "f1_priv": 0.3,
    "hamming_score": 0.4119791666666667,
    "macro_f1": 0.34225396019750853,
    "macro_precision": 0.3823977033995416,
    "macro_recall": 0.6995614035087719,
    "micro_f1": 0.5075757575757576,
    "micro_precision": 0.391812865497076,
    "micro_recall": 0.7204301075268817,
    "samples_f1": 0.5485863095238095,
    "samples_precision": 0.49453125,
    "samples_recall": 0.8307291666666666,
    "weighted_f1": 0.6154576394430712,
    "weighted_precision": 0.7207201795674281,
    "weighted_recall": 0.7204301075268817
  },
  "before_metrics": {
    "accuracy": 0.873046875,
    "exact_match_ratio": 0.4375,
    "f1_bypass": 0.0,
    "f1_dos": 0.8363636363636363,
    "f1_exec": 0.0,
    "f1_info": 0.0,
    "f1_mem": 0.0,
    "f1_other": 0.0,
    "f1_overflow": 0.0,
    "f1_priv": 0.0,
    "hamming_score": 0.5546875,
    "macro_f1": 0.10454545454545454,
    "macro_precision": 0.08984375,
    "macro_recall": 0.125,
    "micro_f1": 0.5859872611464968,
    "micro_precision": 0.71875,
    "micro_recall": 0.4946236559139785,
    "samples_f1": 0.6015625,
    "samples_precision": 0.71875,
    "samples_recall": 0.5546875,
    "weighted_f1": 0.41368523949169106,
    "weighted_precision": 0.35551075268817206,
    "weighted_recall": 0.4946236559139785
  },
  "config": {
    "freq_threshold": 1.5,
    "prediction_threshold": 0.5
  },
  "correction_rate": 0.19626168224299065
}