{
  "bypass": {
    "f1-score": 0.42105263157894735,
    "precision": 0.5714285714285714,
    "recall": 0.3333333333333333,
    "support": 12.0
  },
  "dos": {
    "f1-score": 0.8202764976958525,
    "precision": 0.6953125,
    "recall": 1.0,
    "support": 178.0
  },
  "exec": {
    "f1-score": 0.486646884272997,
    "precision": 0.3215686274509804,
    "recall": 1.0,
    "support": 82.0
  },
  "info": {
    "f1-score": 0.5116279069767442,
    "precision": 0.4782608695652174,
    "recall": 0.55,
    "support": 20.0
  },
  "macro avg": {
    "f1-score": 0.3770327181822785,
    "precision": 0.35597757105559613,
    "recall": 0.4628858024691358,
    "support": 386.0
  },
  "mem": {
    "f1-score": 0.0,
    "precision": 0.0,
    "recall": 0.0,
    "support": 8.0
  },
  "micro avg": {
    "f1-score": 0.6226226226226226,
    "precision": 0.5073409461663948,
    "recall": 0.805699481865285,
    "support": 386.0
  },
  "other": {
    "f1-score": 0.0,
    "precision": 0.0,
    "recall": 0.0,
    "support": 0.0
  },
  "overflow": {
    "f1-score": 0.4689655172413793,
    "precision": 0.53125,
    "recall": 0.41975308641975306,
    "support": 81.0
  },
  "priv": {
    "f1-score": 0.3076923076923077,
    "precision": 0.25,
    "recall": 0.4,
    "support": 5.0
  },
  "samples avg": {
    "f1-score": 0.6105654761904762,
    "precision": 0.5218098958333333,
    "recall": 0.8450520833333333,
    "support": 386.0
  },
  "weighted avg": {
    "f1-score": 0.6236376146470026,
    "precision": 0.5462120795321959,
    "recall": 0.805699481865285,
    "support": 386.0
  }
}