{
  "affected_predictions": 51.0,
  "after_metrics": {
    "accuracy": 0.81591796875,
    "exact_match_ratio": 0.1171875,
    "f1_bypass": 0.42105263157894735,
    "f1_dos": 0.8202764976958525,
    "f1_exec": 0.486646884272997,
    "f1_info": 0.5116279069767442,
    "f1_mem": 0.0,
    "f1_other": 0.0,
    "f1_overflow": 0.4689655172413793,
    "f1_priv": 0.3076923076923077,
    "hamming_score": 0.4785807291666666,
    "macro_f1": 0.3770327181822785,
    "macro_precision": 0.35597757105559613,
    "macro_recall": 0.4628858024691358,
    "micro_f1": 0.6226226226226226,
    "micro_precision": 0.5073409461663948,
    "micro_recall": 0.805699481865285,
    "samples_f1": 0.6105654761904762,
    "samples_precision": 0.5218098958333333,
    "samples_recall": 0.8450520833333333,
    "weighted_f1": 0.6236376146470026,
    "weighted_precision": 0.5462120795321959,
    "weighted_recall": 0.805699481865285
  },
  "before_metrics": {
    "accuracy": 0.8173828125,
    "exact_match_ratio": 0.1171875,
    "f1_bypass": 0.0,
    "f1_dos": 0.8202764976958525,
    "f1_exec": 0.4880952380952381,
    "f1_info": 0.0,
    "f1_mem": 0.0,
    "f1_other": 0.0,
    "f1_overflow": 0.40601503759398494,
    "f1_priv": 0.0,
    "hamming_score": 0.4634765625,
    "macro_f1": 0.21429834667313444,
    "macro_precision": 0.19217223936250757,
    "macro_recall": 0.29166666666666663,
    "micro_f1": 0.6054852320675106,
    "micro_precision": 0.5106761565836299,
    "micro_recall": 0.7435233160621761,
    "samples_f1": 0.5830915178571429,
    "samples_precision": 0.5123697916666666,
    "samples_recall": 0.7604166666666666,
    "weighted_f1": 0.5671508916030674,
    "weighted_precision": 0.498175539514441,
    "weighted_recall": 0.7435233160621761
  },
  "config": {
    "compat_mode": "notebook",
    "freq_threshold": 1.5,
    "prediction_threshold": 0.3
  },
  "correction_rate": 0.47058823529411764
}