{
  "bypass": {
    "f1-score": 0.16568047337278108,
    "precision": 0.4772727272727273,
    "recall": 0.10023866348448687,
    "support": 419.0
  },
  "dos": {
    "f1-score": 0.7904715605250364,
    "precision": 0.6539312286346269,
    "recall": 0.9990783410138249,
    "support": 3255.0
  },
  "exec": {
    "f1-score": 0.37894736842105264,
    "precision": 0.6405693950177936,
    "recall": 0.26905829596412556,
    "support": 669.0
  },
  "info": {
    "f1-score": 0.3681257014590348,
    "precision": 0.4350132625994695,
    "recall": 0.31906614785992216,
    "support": 514.0
  },
  "macro avg": {
    "f1-score": 0.3455103941255936,
    "precision": 0.4901340939343597,
    "recall": 0.3330794774391223,
    "support": 6940.0
  },
  "mem": {
    "f1-score": 0.17846153846153845,
    "precision": 0.7435897435897436,
    "recall": 0.10139860139860139,
    "support": 286.0
  },
  "micro avg": {
    "f1-score": 0.6299061579560243,
    "precision": 0.6003394699046873,
    "recall": 0.662536023054755,
    "support": 6940.0
  },
  "other": {
    "f1-score": 0.0,
    "precision": 0.0,
    "recall": 0.0,
    "support": 76.0
  },
  "overflow": {
    "f1-score": 0.5472995090016367,
    "precision": 0.4908984145625367,
    "recall": 0.6183431952662722,
    "support": 1352.0
  },
  "priv": {
    "f1-score": 0.3350970017636684,
    "precision": 0.4797979797979798,
    "recall": 0.25745257452574527,
    "support": 369.0
  },
  "samples avg": {
    "f1-score": 0.6216742857142857,
    "precision": 0.6259166666666667,
    "recall": 0.6822733333333334,
    "support": 6940.0
  },
  "weighted avg": {
    "f1-score": 0.5763367691205796,
    "precision": 0.5812778014231536,
    "recall": 0.662536023054755,
    "support": 6940.0
  }
}