{
  "affected_predictions": 259.0,
  "after_metrics": {
    "accuracy": 0.864925,
    "exact_match_ratio": 0.3556,
    "f1_bypass": 0.16568047337278108,
    "f1_dos": 0.7904715605250364,
    "f1_exec": 0.37894736842105264,
    "f1_info": 0.3681257014590348,
    "f1_mem": 0.17846153846153845,
    "f1_other": 0.0,
    "f1_overflow": 0.5472995090016367,
    "f1_priv": 0.3350970017636684,
    "hamming_score": 0.5543033333333333,
    "macro_f1": 0.3455103941255936,
    "macro_precision": 0.4901340939343597,
    "macro_recall": 0.3330794774391223,
    "micro_f1": 0.6299061579560243,
    "micro_precision": 0.6003394699046873,
    "micro_recall": 0.662536023054755,
    "samples_f1": 0.6216742857142857,
    "samples_precision": 0.6259166666666667,
    "samples_recall": 0.6822733333333334,
    "weighted_f1": 0.5763367691205796,
    "weighted_precision": 0.5812778014231536,
    "weighted_recall": 0.662536023054755
  },
  "before_metrics": {
    "accuracy": 0.86545,
    "exact_match_ratio": 0.3622,
    "f1_bypass": 0.10743801652892562,
    "f1_dos": 0.7965144820814923,
    "f1_exec": 0.35660580021482274,
    "f1_info": 0.304921968787515,
    "f1_mem": 0.1884498480243161,
    "f1_other": 0.0,
    "f1_overflow": 0.5437212360289283,
    "f1_priv": 0.3407917383820998,
    "hamming_score": 0.5516666666666667,
    "macro_f1": 0.3298053862560125,
    "macro_precision": 0.47151996264113405,
    "macro_recall": 0.3178205303588253,
    "micro_f1": 0.6268718801996672,
    "micro_precision": 0.6040887226082309,
    "micro_recall": 0.6514409221902018,
    "samples_f1": 0.6154685714285715,
    "samples_precision": 0.6237166666666666,
    "samples_recall": 0.6669900000000001,
    "weighted_f1": 0.5688372131859419,
    "weighted_precision": 0.5756335056512535,
    "weighted_recall": 0.6514409221902018
  },
  "config": {
    "compat_mode": "notebook",
    "freq_threshold": 1.5,
    "prediction_threshold": 0.3
  },
  "correction_rate": 0.4594594594594595
}