{
  "bypass": {
    "f1-score": 0.5553191489361702,
    "precision": 0.5009596928982726,
    "recall": 0.6229116945107399,
    "support": 419.0
  },
  "dos": {
    "f1-score": 0.8070703271906732,
    "precision": 0.681702668360864,
    "recall": 0.9889400921658986,
    "support": 3255.0
  },
  "exec": {
    "f1-score": 0.6904231625835189,
    "precision": 0.6858407079646017,
    "recall": 0.695067264573991,
    "support": 669.0
  },
  "info": {
    "f1-score": 0.5484880083420229,
    "precision": 0.5910112359550562,
    "recall": 0.5116731517509727,
    "support": 514.0
  },
  "macro avg": {
    "f1-score": 0.6141229794636763,
    "precision": 0.6800609603291845,
    "recall": 0.6084251696789836,
    "support": 6940.0
  },
  "mem": {
    "f1-score": 0.6061776061776062,
    "precision": 0.6767241379310345,
    "recall": 0.548951048951049,
    "support": 286.0
  },
  "micro avg": {
    "f1-score": 0.7247920997920998,
    "precision": 0.6599621391386654,
    "recall": 0.8037463976945245,
    "support": 6940.0
  },
  "other": {
    "f1-score": 0.5,
    "precision": 0.9285714285714286,
    "recall": 0.34210526315789475,
    "support": 76.0
  },
  "overflow": {
    "f1-score": 0.7001675041876047,
    "precision": 0.6399265156154317,
    "recall": 0.7729289940828402,
    "support": 1352.0
  },
  "priv": {
    "f1-score": 0.505338078291815,
    "precision": 0.7357512953367875,
    "recall": 0.38482384823848237,
    "support": 369.0
  },
  "samples avg": {
    "f1-score": 0.7246966666666668,
    "precision": 0.7012533333333333,
    "recall": 0.8132666666666666,
    "support": 6940.0
  },
  "weighted avg": {
    "f1-score": 0.7129642049544939,
    "precision": 0.66170589551286,
    "recall": 0.8037463976945245,
    "support": 6940.0
  }
}