{
  "affected_predictions": 792.0,
  "after_metrics": {
    "accuracy": 0.8941,
    "exact_match_ratio": 0.4598,
    "f1_bypass": 0.5553191489361702,
    "f1_dos": 0.8070703271906732,
    "f1_exec": 0.6904231625835189,
    "f1_info": 0.5484880083420229,
    "f1_mem": 0.6061776061776062,
    "f1_other": 0.5,
    "f1_overflow": 0.7001675041876047,
    "f1_priv": 0.505338078291815,
    "hamming_score": 0.6590566666666666,
    "macro_f1": 0.6141229794636763,
    "macro_precision": 0.6800609603291845,
    "macro_recall": 0.6084251696789836,
    "micro_f1": 0.7247920997920998,
    "micro_precision": 0.6599621391386654,
    "micro_recall": 0.8037463976945245,
    "samples_f1": 0.7246966666666668,
    "samples_precision": 0.7012533333333333,
    "samples_recall": 0.8132666666666666,
    "weighted_f1": 0.7129642049544939,
    "weighted_precision": 0.66170589551286,
    "weighted_recall": 0.8037463976945245
  },
  "before_metrics": {
    "accuracy": 0.90605,
    "exact_match_ratio": 0.5376,
    "f1_bypass": 0.5725888324873096,
    "f1_dos": 0.8553237604985099,
    "f1_exec": 0.6909903201787044,
    "f1_info": 0.5292841648590022,
    "f1_mem": 0.6429840142095915,
    "f1_other": 0.5,
    "f1_overflow": 0.6995967741935484,
    "f1_priv": 0.5168141592920354,
    "hamming_score": 0.6932866666666667,
    "macro_f1": 0.6259477532148376,
    "macro_precision": 0.6896963770311655,
    "macro_recall": 0.618976366713293,
    "micro_f1": 0.7467654986522911,
    "micro_precision": 0.7013924050632911,
    "micro_recall": 0.7984149855907781,
    "samples_f1": 0.7446390476190476,
    "samples_precision": 0.7344233333333333,
    "samples_recall": 0.8052,
    "weighted_f1": 0.7372868642254027,
    "weighted_precision": 0.701099056195056,
    "weighted_recall": 0.7984149855907781
  },
  "config": {
    "compat_mode": "notebook",
    "freq_threshold": 1.5,
    "prediction_threshold": 0.3
  },
  "correction_rate": 0.19823232323232323
}