{
  "bypass": {
    "f1-score": 0.6883116883116883,
    "precision": 0.7066666666666667,
    "recall": 0.6708860759493671,
    "support": 79.0
  },
  "dos": {
    "f1-score": 0.9229390681003584,
    "precision": 0.96171802054155,
    "recall": 0.8871662360034454,
    "support": 1161.0
  },
  "exec": {
    "f1-score": 0.8576078112286412,
    "precision": 0.8009118541033434,
    "recall": 0.9229422066549913,
    "support": 571.0
  },
  "info": {
    "f1-score": 0.7306501547987616,
    "precision": 0.6742857142857143,
    "recall": 0.7972972972972973,
    "support": 148.0
  },
  "macro avg": {
    "f1-score": 0.74513520428147,
    "precision": 0.7951566085196442,
    "recall": 0.7207950188229506,
    "support": 2602.0
  },
  "mem": {
    "f1-score": 0.7047619047619048,
    "precision": 0.8222222222222222,
    "recall": 0.6166666666666667,
    "support": 60.0
  },
  "micro avg": {
    "f1-score": 0.8682554814108675,
    "precision": 0.8615209988649262,
    "recall": 0.8750960799385088,
    "support": 2602.0
  },
  "other": {
    "f1-score": 0.625,
    "precision": 0.8333333333333334,
    "recall": 0.5,
    "support": 10.0
  },
  "overflow": {
    "f1-score": 0.8729874776386404,
    "precision": 0.8313458262350937,
    "recall": 0.9190207156308852,
    "support": 531.0
  },
  "priv": {
    "f1-score": 0.5588235294117647,
    "precision": 0.7307692307692307,
    "recall": 0.4523809523809524,
    "support": 42.0
  },
  "samples avg": {
    "f1-score": 0.8465265947378382,
    "precision": 0.848315351126254,
    "recall": 0.8675468483816013,
    "support": 2602.0
  },
  "weighted avg": {
    "f1-score": 0.8682943188739572,
    "precision": 0.8682935630332475,
    "recall": 0.8750960799385088,
    "support": 2602.0
  }
}