{
  "best_p_value_threshold": 0.5,
  "classification_report": {
    "bypass": {
      "f1-score": 0.6883116883116883,
      "precision": 0.7066666666666667,
      "recall": 0.6708860759493671,
      "support": 79.0
    },
    "dos": {
      "f1-score": 0.9229390681003584,
      "precision": 0.96171802054155,
      "recall": 0.8871662360034454,
      "support": 1161.0
    },
    "exec": {
      "f1-score": 0.8576078112286412,
      "precision": 0.8009118541033434,
      "recall": 0.9229422066549913,
      "support": 571.0
    },
    "info": {
      "f1-score": 0.7306501547987616,
      "precision": 0.6742857142857143,
      "recall": 0.7972972972972973,
      "support": 148.0
    },
    "macro avg": {
      "f1-score": 0.74513520428147,
      "precision": 0.7951566085196442,
      "recall": 0.7207950188229506,
      "support": 2602.0
    },
    "mem": {
      "f1-score": 0.7047619047619048,
      "precision": 0.8222222222222222,
      "recall": 0.6166666666666667,
      "support": 60.0
    },
    "micro avg": {
      "f1-score": 0.8682554814108675,
      "precision": 0.8615209988649262,
      "recall": 0.8750960799385088,
      "support": 2602.0
    },
    "other": {
      "f1-score": 0.625,
      "precision": 0.8333333333333334,
      "recall": 0.5,
      "support": 10.0
    },
    "overflow": {
      "f1-score": 0.8729874776386404,
      "precision": 0.8313458262350937,
      "recall": 0.9190207156308852,
      "support": 531.0
    },
    "priv": {
      "f1-score": 0.5588235294117647,
      "precision": 0.7307692307692307,
      "recall": 0.4523809523809524,
      "support": 42.0
    },
    "samples avg": {
      "f1-score": 0.8465265947378382,
      "precision": 0.848315351126254,
      "recall": 0.8675468483816013,
      "support": 2602.0
    },
    "weighted avg": {
      "f1-score": 0.8682943188739572,
      "precision": 0.8682935630332475,
      "recall": 0.8750960799385088,
      "support": 2602.0
    }
  },
  "predict_seconds": 0.6884360830008518,
  "selected_feature_count": 15541,
  "test_metrics": {
    "accuracy": 0.9509511641113004,
    "exact_match_ratio": 0.75809199318569,
    "f1_bypass": 0.6883116883116883,
    "f1_dos": 0.9229390681003584,
    "f1_exec": 0.8576078112286412,
    "f1_info": 0.7306501547987616,
    "f1_mem": 0.7047619047619048,
    "f1_other": 0.625,
    "f1_overflow": 0.8729874776386404,
    "f1_priv": 0.5588235294117647,
    "hamming_score": 0.8246450880181714,
    "macro_f1": 0.74513520428147,
    "macro_precision": 0.7951566085196442,
    "macro_recall": 0.7207950188229506,
    "micro_f1": 0.8682554814108675,
    "micro_precision": 0.8615209988649262,
    "micro_recall": 0.8750960799385088,
    "samples_f1": 0.8465265947378382,
    "samples_precision": 0.848315351126254,
    "samples_recall": 0.8675468483816013,
    "weighted_f1": 0.8682943188739572,
    "weighted_precision": 0.8682935630332475,
    "weighted_recall": 0.8750960799385088
  },
  "training_seconds": 8.995675416997983,
  "tuning_seconds": 24.80536620800558,
  "validation_metrics": {
    "accuracy": 0.9462589073634204,
    "exact_match_ratio": 0.747624703087886,
    "f1_bypass": 0.583941605839416,
    "f1_dos": 0.9239130434782609,
    "f1_exec": 0.8456260720411664,
    "f1_info": 0.7355623100303952,
    "f1_mem": 0.6902654867256637,
    "f1_other": 0.631578947368421,
    "f1_overflow": 0.8501805054151624,
    "f1_priv": 0.52,
    "hamming_score": 0.8185570071258907,
    "macro_f1": 0.7226334963623107,
    "macro_precision": 0.7832208153075649,
    "macro_recall": 0.6964757668349277,
    "micro_f1": 0.858869395711501,
    "micro_precision": 0.848613251155624,
    "micro_recall": 0.8693764798737175,
    "samples_f1": 0.8425432643366135,
    "samples_precision": 0.8453285827395091,
    "samples_recall": 0.8662410926365796,
    "weighted_f1": 0.8587054729282736,
    "weighted_precision": 0.8541536541522751,
    "weighted_recall": 0.8693764798737175
  },
  "vectorizer_vocabulary_size": 20000
}