{
  "bypass": {
    "f1-score": 0.34108840784948413,
    "precision": 0.21499617444529456,
    "recall": 0.824853228962818,
    "support": 1022.0
  },
  "dos": {
    "f1-score": 0.7770856734402124,
    "precision": 0.6938366156090445,
    "recall": 0.8830355070782084,
    "support": 8618.0
  },
  "exec": {
    "f1-score": 0.4854508787093057,
    "precision": 0.326930539386884,
    "recall": 0.9423937360178971,
    "support": 1788.0
  },
  "info": {
    "f1-score": 0.3748753738783649,
    "precision": 0.23487417454934856,
    "recall": 0.9280677009873061,
    "support": 1418.0
  },
  "macro avg": {
    "f1-score": 0.44631855564688805,
    "precision": 0.31856603008454565,
    "recall": 0.8536042627298719,
    "support": 18480.0
  },
  "mem": {
    "f1-score": 0.3149059334298119,
    "precision": 0.20140688633839318,
    "recall": 0.7214854111405835,
    "support": 754.0
  },
  "micro avg": {
    "f1-score": 0.5604290822407628,
    "precision": 0.4088695652173913,
    "recall": 0.890530303030303,
    "support": 18480.0
  },
  "other": {
    "f1-score": 0.26503923278116825,
    "precision": 0.16326530612244897,
    "recall": 0.7037037037037037,
    "support": 216.0
  },
  "overflow": {
    "f1-score": 0.6113004484304932,
    "precision": 0.4548852108916177,
    "recall": 0.931656642974303,
    "support": 3658.0
  },
  "priv": {
    "f1-score": 0.40080249665626394,
    "precision": 0.25833333333333336,
    "recall": 0.8936381709741551,
    "support": 1006.0
  },
  "samples avg": {
    "f1-score": 0.6018167841750336,
    "precision": 0.5081500798544715,
    "recall": 0.893644407680353,
    "support": 18480.0
  },
  "weighted avg": {
    "f1-score": 0.6157525994536494,
    "precision": 0.499339445927112,
    "recall": 0.890530303030303,
    "support": 18480.0
  }
}