{
  "affected_predictions": 7066.0,
  "after_metrics": {
    "accuracy": 0.7573319296134757,
    "exact_match_ratio": 0.22777861332531207,
    "f1_bypass": 0.34108840784948413,
    "f1_dos": 0.7770856734402124,
    "f1_exec": 0.4854508787093057,
    "f1_info": 0.3748753738783649,
    "f1_mem": 0.3149059334298119,
    "f1_other": 0.26503923278116825,
    "f1_overflow": 0.6113004484304932,
    "f1_priv": 0.40080249665626394,
    "hamming_score": 0.49528876522785387,
    "macro_f1": 0.44631855564688805,
    "macro_precision": 0.31856603008454565,
    "macro_recall": 0.8536042627298719,
    "micro_f1": 0.5604290822407628,
    "micro_precision": 0.4088695652173913,
    "micro_recall": 0.890530303030303,
    "samples_f1": 0.6018167841750336,
    "samples_precision": 0.5081500798544715,
    "samples_recall": 0.893644407680353,
    "weighted_f1": 0.6157525994536494,
    "weighted_precision": 0.499339445927112,
    "weighted_recall": 0.890530303030303
  },
  "before_metrics": {
    "accuracy": 0.7539103624605203,
    "exact_match_ratio": 0.2737253722364265,
    "f1_bypass": 0.3496683861459101,
    "f1_dos": 0.7008113590263692,
    "f1_exec": 0.4859732412602503,
    "f1_info": 0.3737142857142857,
    "f1_mem": 0.3321501014198783,
    "f1_other": 0.26503923278116825,
    "f1_overflow": 0.6116400215555955,
    "f1_priv": 0.40216450216450217,
    "hamming_score": 0.47462328742596455,
    "macro_f1": 0.4401451412584949,
    "macro_precision": 0.3488324197549384,
    "macro_recall": 0.8479493880772826,
    "micro_f1": 0.5154364403642556,
    "micro_precision": 0.39169573534376056,
    "micro_recall": 0.7534632034632035,
    "samples_f1": 0.5547001556288667,
    "samples_precision": 0.4949962937498657,
    "samples_recall": 0.7375432395849,
    "weighted_f1": 0.5814635678585353,
    "weighted_precision": 0.6109361644945732,
    "weighted_recall": 0.7534632034632035
  },
  "config": {
    "compat_mode": "notebook",
    "freq_threshold": 1.5,
    "prediction_threshold": 0.5
  },
  "correction_rate": 0.525757146900651
}