{
  "best_threshold": 0.3,
  "best_val_metrics": {
    "accuracy": 0.8125,
    "exact_match_ratio": 0.078125,
    "f1_bypass": 0.0,
    "f1_dos": 0.8256880733944955,
    "f1_exec": 0.4,
    "f1_info": 0.0,
    "f1_mem": 0.0,
    "f1_other": 0.0,
    "f1_overflow": 0.0,
    "f1_priv": 0.0,
    "hamming_score": 0.421875,
    "macro_f1": 0.15321100917431194,
    "macro_precision": 0.119140625,
    "macro_recall": 0.25,
    "micro_f1": 0.5596330275229358,
    "micro_precision": 0.4765625,
    "micro_recall": 0.6777777777777778,
    "samples_f1": 0.5333333333333333,
    "samples_precision": 0.4765625,
    "samples_recall": 0.6796875,
    "weighted_f1": 0.48395514780835885,
    "weighted_precision": 0.39600694444444445,
    "weighted_recall": 0.6777777777777778
  },
  "config": {
    "batch_size": 4,
    "epochs": 1,
    "learning_rate": 2e-05,
    "max_length": 128,
    "max_test_rows": 64,
    "max_train_rows": 256,
    "max_val_rows": 64,
    "model_name": "microsoft/codebert-base"
  },
  "device": "cpu",
  "test_metrics": {
    "accuracy": 0.818359375,
    "exact_match_ratio": 0.03125,
    "f1_bypass": 0.0,
    "f1_dos": 0.8363636363636363,
    "f1_exec": 0.43902439024390244,
    "f1_info": 0.0,
    "f1_mem": 0.0,
    "f1_other": 0.0,
    "f1_overflow": 0.0,
    "f1_priv": 0.0,
    "hamming_score": 0.43098958333333326,
    "macro_f1": 0.15942350332594235,
    "macro_precision": 0.125,
    "macro_recall": 0.25,
    "micro_f1": 0.579185520361991,
    "micro_precision": 0.5,
    "micro_recall": 0.6881720430107527,
    "samples_f1": 0.5619791666666667,
    "samples_precision": 0.5,
    "samples_recall": 0.7213541666666666,
    "weighted_f1": 0.4986577021195432,
    "weighted_precision": 0.4099462365591398,
    "weighted_recall": 0.6881720430107527
  },
  "test_size": 64,
  "train_size": 256,
  "val_size": 64
}